href,itemprop
/topic/3270/how-to-do-a-clean-update-with-eco-client-and-retain-a-saved-solo-game,url
/topic/3008/how-to-do-a-clean-server-install-for-new-update,url
/topic/2984/setting-up-a-eco-server-on-ubuntu-other-linux-is-probably-very-similar,url
/topic/1315/system-requirements-for-eco-alpha-this-might-change,url
/topic/1195/new-getting-started-guide-for-alpha-5,url
/topic/1150/eco-network-troubleshooting-guide,url
/topic/136/read-before-posting-new-post,url
/topic/88/how-to-set-up-eco-server-quick-guide-work-in-progress-guide,url
/topic/5543/pollution,url
/topic/5529/big-soil-problem-all-over-the-world-when-we-start-with-server-creation,url
/topic/5512/external-connection-timeout-udp-issue,url
/topic/5516/starting-with-two-specialties,url
/topic/5493/server-doesn-t-work,url
/topic/5484/no-servers-in-the-server-browser,url
/topic/5476/badge-question,url
/topic/5470/eco-foliage-quality,url
/topic/5469/purchased-game-did-not-get-transferred-over-to-steam,url
/topic/5468/having-problems-with-the-webui-creating-users-with-rng-name,url
/topic/5466/eco-foliage-quality-disable,url
/topic/5453/game-crashing,url
/topic/5430/cant-load-up-own-server,url
/topic/5418/is-it-possible-to-just-restart-on-the-exact-same-world-which-was-generated-before,url
/topic/5398/was-my-server-hacked-compromised,url
/topic/5391/chimney-height,url
/topic/5368/server-settings-question,url
/topic/5354/maturityagedays-settings-gone,url
/topic/5364/third-party-server-recommendations,url
/topic/5356/eco-server,url
/topic/5360/error-writing-to-stat-database,url
/topic/5306/stuck-at-loading-eco-90,url
/topic/5355/setting-up-the-0-8-0-5-eco-client-and-server-on-arch-linux,url
/topic/5352/server-config-settings,url
/topic/5343/my-worlds-will-not-load,url
/topic/5338/how-do-i-give-my-share-the-other-three-copies-in-the-four-pack-with-my-friends,url
/topic/5330/0-8-0-4-server-food-regen,url
/topic/5326/editing-growth-rate-in-configs,url
/topic/5184/how-to-farm-efficiently,url
/topic/5203/made-too-many-workbenches-how-do-i-delete-them,url
/topic/5302/blast-furnace,url
/topic/5316/how-to-turn-off-green-circle-cursor,url
/topic/5304/average-tier-to-low,url
/topic/5287/can-i-actually-win-this-game-anymore,url
/topic/5284/problem-blast-furnace,url
/topic/5286/ore-regeneration,url
/topic/5143/mini-map-will-not-display-only-map-settings-please-help,url
/topic/5271/can-t-find-tree-growth-rate-in-ecosim,url
/topic/5280/water-for-blast-furnace,url
/topic/5277/topic,url
/topic/5270/animals-dieing-serverwide,url
/topic/5262/add-server-button-alpha-8-0,url
/topic/5246/mac-osx-update,url
/topic/5245/alpha-8-fishing-and-cooking-broken-or-am-i-missing-something,url
/topic/5231/steam-dedicated-server-size,url
/topic/5223/help-cast-iron-stove-can-t-make-it-work,url
/topic/5215/law-to-allow-only-specific-currencys-to-use,url
/topic/5214/law-for-taxes-in-percentage-per-transaction,url
/topic/5207/it-s-possible-to-limit-bottom-watter-level-while-world-creation,url
/topic/5202/skill-button-not-showing,url
/topic/5210/since-now-server-can-t-create-new-world-after-steam-app-update,url
/topic/5201/can-t-load-server-website,url
/topic/5182/skill-books-not-working,url
/topic/5175/property-claims-disappeared,url
/topic/5168/remove-the-very-overcrowded-mechanic-from-the-game,url
/topic/5154/authorise-others-to-your-steam-truck,url
/topic/5138/no-tailings,url
/topic/5148/linux-0-7-8-6-client,url
/topic/5139/level-admin-command-valid-blocks,url
/topic/5137/scroll-wheel,url
/topic/5117/forests-and-ground-moisture,url
/topic/5111/can-t-reach-tier-2-in-factory-for-assembly-line-solo-game-stuck-with-1-99-of-2,url
/topic/5105/realistic-river-banks,url
/topic/5089/questions-about-excavator,url
/topic/4920/can-t-figure-out-how-to-set-up-server,url
/topic/4740/combustion-engine-not-working,url
/topic/5082/game-that-helps-plant-trees-ecosia,url
/topic/5079/best-pillows-reviews-from-experts,url
/topic/5077/gifts-for-new-players,url
/topic/5073/when-the-running-server-worldobjectmanager-got-problem,url
/topic/5055/how-to-create-a-microsoft-account-using-a-gmail-id,url
/topic/5050/changing-time-it-takes-for-a-law-to-pass,url
/topic/5042/how-to-check-subscription-status-of-bullguard,url
/topic/5030/only-integer-prices-possible-at-store,url
/topic/5017/problem-to-add-admin,url
/topic/4977/how-am-i-supposed-to-connect-iron-pipes-to-the-cement-kiln,url
/topic/4964/refund,url
/topic/4998/ist-es-besser,url
/topic/3291/could-someone-explain-the-citizenship-law,url
/topic/4972/dedicated-server-not-showing-up-on-browse-list,url
/topic/4941/latest-version,url
/topic/4936/invite-sent-to-wrong-e-mail-help,url
/topic/4937/server-logging,url
/topic/4934/mouse-sensitivity,url
/topic/4933/how-to-cancel-workbench-orders,url
/topic/4921/can-t-build-electric-lathe,url
/topic/4917/admin-not-logging-in-guy-on-server-is-an,url
/topic/4926/can-t-join-any-server,url
/topic/4928/cant-invite-friends,url
/topic/4833/electric-machinist-table-needs-electric-power-all-electric-supplying-machines-or-parts-of-it-need-electric-machinist-table-to-be-crafted,url
/topic/4728/dictatorship-possible,url
/topic/4911/removing-woodpulp-from-server,url
/topic/4873/how-to-remove-dirt-faster,url
/topic/4893/questions,url
/topic/4900/two-story-building,url
/topic/4880/the-best-way-to-keep-tailings-from-polluting-your-world,url
/topic/4881/are-there-mods-for-this-game-that-players-can-download,url
/topic/4876/friend-joining-server-issues,url
/topic/4852/eco-server-steam-stackoverflowexception,url
/topic/4844/0s-crafting-times-on-some-recipes,url
/topic/4835/0-7-6-0-electrical-power,url
/topic/4839/offline-player-time-and-unclaim-land,url
/topic/4686/can-the-web-client-run-on-https,url
/topic/4172/reopen-eco-server-ui-config,url
/topic/4776/setup-world-for-2-3-days-game-with-friends,url
/topic/4774/turn-off-grass-swaying-and-movement-bobbing,url
/topic/4768/how-to-configure-backup-eco,url
/topic/4761/invalid-login-info,url
/topic/4758/server-creation-bug,url
/topic/4759/server-issue,url
/topic/4737/extremely-low-fps-if-some-buildings-are-built-in-one-area,url
/topic/4718/how-to-use-client-multiplayer-savegame-on-dedicated-server,url
/topic/4719/moving-client-multiplayer-to-server,url
/topic/4716/didn-t-get-alpha-rewards,url
/topic/4711/can-not-add-admins-on-server,url
/topic/4710/how-can-i-change-the-voting-time,url
/topic/4707/fish-population-only-decreasing,url
/topic/4701/build-second-room-ontop-of-other-rooms-recognised-as-room-but-doesn-t-add-skill-points-value,url
/topic/4684/how-to-increase-player-limit-on-server,url
/topic/4613/windows-server-2016-ecoserver-exe-won-t-open,url
/topic/4680/lost-vehicle-deed,url
/topic/4676/will-there-ever-be-single-player-or-server-that-a-mac-can-run,url
/topic/4654/cant-create-law-s,url
/topic/4618/ecoserver-exe-crashes-when-starting,url
/topic/4667/server-restore-file,url
/topic/975/removing-dirt-ramps,url
/topic/4649/issues-loading-into-server,url
/topic/4611/difficulty-adjustment-while-in-game,url
/topic/4593/no-crafting-sp-on-linux-dedicated-server,url
/topic/4581/admin-issues-on-private-server,url
/topic/4538/antivirus-detects-infection,url
/topic/4551/editing-simulation-settings-on-my-server,url
/topic/4569/animals-and-plants-won-t-spawn-on-super-small-world,url
/topic/4572/items-stuck-in-the-sawmill,url
/topic/4565/help-with-proposing-my-first-law,url
/topic/4566/wooden-fence,url
/topic/4555/eco-server-not-creating-game-db-and-game-eco,url
/topic/4552/connection-failed-to-my-server-with-password,url
/topic/4543/invalid-username-or-password-during-login,url
/topic/4392/so-yesterday-i-could-play-eco-on-steam-but-now-i-can-t,url
/topic/4537/randomly-kicked-back-to-menu-from-lan-server,url
/topic/4526/editing-users,url
/topic/4505/server-crashing-every-minute-crash-loop-system-aggregateexception-dump-file-included,url
/topic/4534/wieso-werde-ich-ständig-aus-eco-gemissen-ich-komm-auf-den-server-bin-vielleicht-eine-minute-drauf-dann-ist-der-bildschirm-schwarz-und-ich-bin-drausen-dann-kommt-diese-fehlermeldung-was-kann-ich-tun-damit-das-aufhört,url
/topic/4530/transferring-singleplayer-world-to-run-from-the-server-tool,url
/topic/4528/is-it-possible-to-change-the-crafting-time-of-items,url
/topic/4487/how-do-i-generate-a-new-world,url
/topic/4522/how-to-save-game,url
/topic/4466/i-can-no-longer-pick-up-coal,url
/topic/4492/can-t-see-load-screen,url
/topic/4468/dirt-only-stockpiling-to-5-units,url
/topic/4434/auth-servers-may-be-down,url
/topic/4432/webinterface-open-for-everyone,url
/topic/4428/connection-failed-all-servers,url
/topic/4423/connection-failed-server-dedier,url
/topic/4412/laws,url
/topic/4396/bugged-populations,url
/topic/4393/player-is-ghost-invisible-unable-to-generate-world-by-walking,url
/topic/4390/singleplayer-failed-to-start-webserver-exception-has-been-thrown-by-the-target-of-an-invocation,url
/topic/4371/fish-grow-back,url
/topic/4367/problems-with-aqueducts,url
/topic/4350/server-won-t-start-run-after-power-outage,url
/topic/4342/learning-new-skill-help,url
/topic/4334/eco-server-reverse-proxy,url
/topic/4318/cant-view-online-graphs,url
/topic/4316/want-to-level-up-offline-in-my-solo-game,url
/topic/4278/i-can-t-dig-in-the-soil-roots-are-too-strong,url
/topic/4004/servername-and-another-config-documentation,url
/topic/4305/eco-wont-work-on-my-pc,url
/topic/3918/offline-servers,url
/topic/4299/search-to-understand-worldgenerator-eco,url
/topic/4284/my-nutrition-is-filling-past-the-edges-will-fill-screen-what-setting-is-doing-this,url
/topic/4161/connection-failed-on-lan-server,url
/topic/4283/question-about-0-7-3-0,url
/topic/4274/stuck-after-computer-crashed,url
/topic/4057/generated-world-missing-resources-for-research,url
/topic/4241/server-crash-auto-close-and-restart,url
/topic/4255/is-it-possible-to-change-the-settings-for-the-world-collaboration-size,url
/topic/4252/mac-question,url
/topic/4197/crashing-when-i-put-down-dirt-after-pc-crashed,url
/topic/4208/help-i-ve-fallen-and-can-t-get-up,url
/topic/4205/random-pc-crash-after-a-few-minutes-only-in-eco,url
/topic/4204/stairs-in-room-inside-house,url
/topic/4183/is-there-a-shared-ban-list,url
/topic/4196/failed-to-write-backup,url
/topic/4192/how-can-i-spped-the-growt-of-trees,url
/topic/4190/time-on-server-is-frozen-never-night-anymore,url
/topic/4191/how-to-give-reputation-and-reviews,url
/topic/4169/windows,url
/topic/4112/stove,url
/topic/4148/portforwarding-help,url
/topic/4157/low-fps-always,url
/topic/3605/black-screen-when-i-launch-the-game,url
/topic/1738/authentication-issues-when-connecting-to-eco-server,url
/topic/4158/setting-up-election-web-server,url
/topic/4054/lan-internet-connect-issue-and-question,url
/topic/4146/fix-this,url
/topic/4092/deed-deleted-land-still-claimed,url
/topic/4139/connection-failed,url
/topic/4093/how-to-set-server-to-public,url
/topic/4080/changing-tax-rate-percentage-for-different-districts,url
/topic/4059/server-chat-log-how-to-make-it-easy-to-read,url
/topic/4055/need-help-for-setting-up-a-law,url
/topic/4047/can-t-run-for-office,url
/topic/1310/login-error,url
/topic/4042/import-single-player-map-to-dedicated-server,url
/topic/2845/do-fish-traps-work,url
/topic/3964/how-to-cancel-workbench-orders,url
/topic/3657/no-servers-anymore,url
/topic/3931/crashing-whenever-i-cut-down-a-tree,url
/topic/3987/server-not-backing-up,url
/topic/3984/hosted-server-issues-updating-to-7-2-7-2-1,url
/topic/3936/how-does-the-government-system-work,url
/topic/3974/can-t-connect-to-7-2-server-even-though-client-also-7-2,url
/topic/3961/server-set-up-help,url
/topic/3970/how-to-reset-your-eco-controls-to-default-in-windows,url
/topic/3963/server-logging-help-extended-options-request,url
/topic/3955/tree-growing,url
/topic/3948/ds-lite-issue,url
/topic/3924/after-chattest-no-cant-connect-to-server,url
/topic/3739/admins-need-more-powers,url
/topic/3910/still-waiting-for-forum-level,url
/topic/3886/server-crash-on-linux,url
/topic/3881/problems-by-configuration-and-administration-linux,url
/topic/3534/no-servers,url
/topic/3831/linking-disabled,url
/topic/3861/cheater-crash,url
/topic/3813/glass-construction,url
/topic/3820/unable-to-login-was-logged-out-about-hr-ago,url
/topic/3841/game-api,url
/topic/3835/savegame-loading-error-connection-lost,url
/topic/3827/problem-with-skill-points-extremely-many,url
/topic/3787/fishing-traps,url
/topic/3818/server-problems,url
/topic/3819/invalid-login,url
/topic/3817/could-not-create-save-file,url
/topic/3744/private-servers-not-working,url
/topic/3806/connection-failed,url
/topic/3794/how-to-show-my-friends-my-government-website,url
/topic/3725/server-setup-base-parameters,url
/topic/3761/problem-homeserver,url
/topic/3793/unable-to-create-account-in-slg-for-eco,url
/topic/3786/how-do-i-make-roof-ceiling,url
/topic/3690/how-do-i-change-my-nickname-please,url
/topic/3721/is-there-a-way-to-edit-files-to-change-tailings,url
/topic/3777/cant-connect-to-friends-and-friends-cant-connect-to-me,url
/topic/3689/how-to-set-up-single-player,url
/topic/3771/changing-amount-of-skill-points,url
/topic/3768/tailings,url
/topic/3764/invites-does-not-work,url
/topic/3762/deleting-inactive-players,url
/topic/3585/connection-failed,url
/topic/3476/connection-failed,url
/topic/3728/research-table-help-please,url
/topic/3731/servers-down,url
/topic/2833/delete-an-in-world-item-not-toolbar,url
/topic/3720/farming-with-the-hoe,url
/topic/3709/how-to-conect-to-freinds-server,url
/topic/3715/can-you-not-trade-items-for-items-anymore,url
/topic/3718/change-graphic-settings,url
/topic/3707/removal-of-workbench-with-player-queued-project,url
/topic/3686/how-to-turn-of-record,url
/topic/3613/steam-server-cant-play-on-my-other-computer,url
/topic/3701/hosting-a-server-need-to-make-self-admin,url
/topic/3699/can-t-create-a-new-game,url
/topic/3696/slow-on-linux,url
/topic/3655/dedicated-server-kicking-players-every-few-minutes,url
/topic/3667/how-owns-eco-discord,url
/topic/3341/linking-steam-accout,url
/topic/3663/question-on-time,url
/topic/3661/can-t-get-any-of-the-graphs-to-display,url
/topic/3658/control-config,url
/topic/3652/help-can-t-use-backup-file-from-server-provider,url
/topic/3459/game-mechanics-bug,url
/topic/3647/server-logs-and-debugging,url
/topic/3391/mechanics-of-the-world,url
/topic/3643/cant-play-the-new-tab-game,url
/topic/3584/stockpile-distance,url
/topic/3637/is-it-possible-to-force-delete-someone-else-s-deed,url
/topic/3626/i-can-t-see-my-friend-s-lan-server-in-my-server-list,url
/topic/3617/what-happens-with-changes-in-ecosim-eco-on-patches,url
/topic/3616/sent-an-invite-email-to-the-wrong-email,url
/topic/3599/can-t-put-stone-wood-etc-in-masonry-table-or-anything-else-by-right-clicking,url
/topic/3592/dev-readplz-from-south-korea-users,url
/topic/3546/steam-link,url
/topic/3586/how-to-use-the-excavator-steam-release,url
/topic/3580/items-dissapearing-from-workbench,url
/topic/3438/aqueducts-not-working,url
/topic/3310/how-to-redeem-game-on-steam,url
/topic/3562/unloaded-chunk-void,url
/topic/3567/tomatoes,url
/topic/3536/steam-keys-still-not-received,url
/topic/3359/invalid-login-token,url
/topic/3560/can-t-run-for-election,url
/topic/3564/invalid-login-token,url
/topic/3507/waterwheel-placement,url
/topic/3556/become-a-translator,url
/topic/3537/crash-server-every-10-minutes,url
/topic/3539/eco-support-responses,url
/topic/3510/rarity-of-copper-iron-gold-ore-compared-to-rock,url
/topic/3498/major-over-heating-issues-with-computer,url
/topic/3518/how-to-find-my-server,url
/topic/3524/mac-support,url
/topic/3482/automatic-server-restart-on-crash,url
/topic/3512/town-hall,url
/topic/3506/file-parameter,url
/topic/3497/turn-off-headbob-head-bob,url
/topic/3495/will-my-system-work-with-eco-multiplayer,url
/topic/3326/how-do-you-create-a-district,url
/topic/3487/my-left-click-is-bugged,url
/topic/3460/need-name-and-location-of-the-file-to-edit-the-games-shortcut,url
/topic/3410/still-getting-connection-failed,url
/topic/3471/i-want-to-migrate-my-server-to-a-host,url
/topic/3351/i-bought-2-copies-of-eco-but-didnt-get-a-second-key,url
/topic/3434/offline-skill-points,url
/topic/3350/bought-a-two-pack-but-with-no-other-key-received,url
/topic/3324/forgot-my-password-to-login-to-redeem-on-steam-link-to-reset-password-doesn-t-work,url
/topic/3432/eco-not-available-in-steam,url
/topic/3003/macbook-eco,url
/topic/3430/how-to-create-a-list-of-animal-and-plant-populations,url
/topic/3415/sent-back-to-main-menu-after-mining,url
/topic/3422/friend-just-downloaded-game-cannot-join-different-versions-of-game,url
/topic/3420/energy-cost-per-hit,url
/topic/3419/sever-setup-help,url
/topic/3394/sent-invite-to-the-incorrect-e-mail,url
/topic/3389/wolf-whisperer-taming,url
/topic/3413/how-to-open-side-panel,url
/topic/3411/room-sizes-for-points,url
/topic/3407/connection-failed-after-hotfix-2-9-18,url
/topic/3406/dedicated-server-welcome-message,url
/topic/3403/help,url
/topic/3401/steam-link-down,url
/topic/3397/newbie-guide-mining,url
/topic/3385/plants-dying,url
/topic/3393/multiple-server-issues,url
/topic/3387/solo-game-do-not-play-unless-logged-in,url
/topic/3380/discord-integration,url
/topic/3383/rebuilding-an-extinct-plant-species,url
/topic/3378/connection-failed,url
/topic/3373/steam-key,url
/topic/3260/can-t-get-into-the-game,url
/topic/3360/power-outage-broke-my-world,url
/topic/1260/server-how-to-remove-players-from-the-land-they-have-claimed-harassement,url
/topic/3342/where-are-users-stored,url
/topic/3356/linking-to-steam,url
/topic/3331/roofs,url
/topic/3321/how-do-you-set-up-an-eco-server,url
/topic/3346/left-click-not-registering-properly,url
/topic/3340/link-steam-and-eco-together,url
/topic/3339/howto-update-server-on-linux,url
/topic/3325/developer-pack,url
/topic/3316/sp-game-settings,url
/topic/3309/dedicated-server-on-steam,url
/topic/3297/how-to-multiple-servers-on-a-vps-for-steam-release,url
/topic/3269/will-this-game-work-with-my-computer,url
/topic/3265/how-to-build-a-room,url
/topic/3259/how-to-update-server-from-6-4-0-to-6-4-1,url
/topic/3234/excavator-controls,url
/topic/3213/skill-base-cost,url
/topic/3201/no-power-from-combustion-generator,url
/topic/3197/how-to-build-stairs,url
/topic/3183/reputation,url
/topic/3167/the-spawn-item-dev-hamer,url
/topic/3162/driver-crash-when-launching-eco-survival,url
/topic/3158/server-list-not-fitting-screen,url
/topic/2907/no-email-game-code,url
/topic/3133/how-do-i-remove-a-waypoint,url
/topic/3139/refinery-help,url
/topic/3118/how-to-create-a-french-public-forum,url
/topic/3117/played-with-no-problems-day-one-since-then-can-t-log-in,url
/topic/3114/how-set-a-world-objective,url
/topic/3111/steam-key,url
/topic/3090/stairs-what-s-going-on-here,url
/topic/3075/animals-all-dying-or-dead-please-help,url
/topic/3062/nitrado-gameserver,url
/topic/3052/how-can-i-remove-waymarker,url
/topic/3010/searching-law-example-for-tailing-storage,url
/topic/3061/how-do-you-ensure-a-server-is-private,url
/topic/2934/recommended-specs,url
/topic/598/framerate-game-using-100-cpu,url
/topic/3028/where-to-get-client,url
/topic/2996/construction-waste-treatment-equipment-to-solve-the-construction-waste-pollution-and-resource-utilization,url
/topic/2995/construction-waste-treatment-equipment,url
/topic/2279/how-can-i-setup-a-eco-linux-server,url
/topic/2972/house-value,url
/topic/2959/stairs-issues,url
/topic/2953/bear-backpack,url
/topic/2954/i-cannot-login,url
/topic/2952/how-to-cancel-jobs,url
/topic/2945/changing-how-long-laws-and-elections-take-to-pass,url
/topic/2947/taming,url
/topic/2944/in-game-icon,url
/topic/2940/how-to-run-dedicated-server-using-my-own-computer,url
/topic/2933/cdn-price,url
/topic/819/problem-starting-the-server-in-windows-server-2012,url
/topic/2916/patch-notes-location,url
/topic/2857/stuck-on-entering-world,url
/topic/2894/hotfix-for-6-0-1-stable,url
/topic/2870/some-questions-about-alpha-6-etc,url
/topic/2888/walking-with-no-control,url
/topic/2806/fullscreen-on-linux,url
/topic/2861/anyway-to-get-out-of-this-trapped-mid-water-underwater-on-steplife-server,url
/topic/2830/giant-ui,url
/topic/2851/queries-problems,url
/topic/2849/lock-to-noon-v6,url
/topic/2844/ui-is-too-big,url
/topic/2839/how-to-pick-up-objects-in-staging-6-0-0,url
/topic/2838/starting-kit-for-server-help,url
/topic/2331/how-do-i-activate-the-laser,url
/topic/2834/server-crashing,url
/topic/2827/food-stuck-in-stock-pile,url
/topic/2821/buggy-problems-with-server-game,url
/topic/2823/my-private-server,url
/topic/2809/help-with-skill-book-not-starting,url
/topic/2625/agriculture-resurch-will-not-start,url
/topic/2767/auto-aim-for-lasers,url
/topic/2797/how-do-i-buy-eco-with-other-payments,url
/topic/2794/loading-world,url
/topic/2793/farming,url
/topic/2783/server-not-launching-0-5-6-1,url
/topic/2782/power-range,url
/topic/2776/server-migration-from-5-6-1-to-alpha-6,url
/topic/2756/server-ffxivgil-guides-goldraiditem,url
/topic/2750/rivers,url
/topic/2745/air-pollution-tips,url
/topic/476/solved-game-login-not-working,url
/topic/2741/any-guidance-on-server-setup-with-azure-vm,url
/topic/1892/information-on-current-purchase-issues-and-not-receiving-accounts-game-key-s,url
/topic/2731/server-problems-need-help,url
/topic/2730/range-of-storage,url
/topic/2729/flooring,url
/topic/2727/5-6-2,url
/topic/2722/a-question-about-stockpiles,url
/topic/2712/localhost-server-disconnects-after-30-secs-shows-as-offline,url
/topic/2718/whitelist-and-inherited,url
/topic/2707/struggling-setting-up-a-public-server,url
/topic/2697/unable-to-join-specific-server-anymore,url
/topic/2673/moved-game-world-to-a-new-server-some-people-can-t-connect,url
/topic/2702/has-the-extended-link-of-chest-etc-broke-crafting,url
/topic/2710/eco-server-world-layers,url
/topic/2708/modding,url
/topic/2701/species-collection-editor,url
/topic/2704/ecoserver-crash-computing-stats,url
/topic/2705/abolish-laws,url
/topic/2656/how-do-u-use-the-excuvator,url
/topic/2599/server-crash-on-startup-on-5-6,url
/topic/2687/research-table-not-crafting,url
/topic/2688/eco-server-not-starting-on-nitrado,url
/topic/2653/day-4-players-still-can-t-connect-to-my-server,url
/topic/2675/stuck-on-loading,url
/topic/2680/url-to-chat-window,url
/topic/2674/lasers-are-trash-don-t-even-attempt-late-game,url
/topic/2663/lasers-and-computer-lab-not-detecting-each-other,url
/topic/2634/poor-fps,url
/topic/2551/a-5-6-similar-plant-too-close-cedar,url
/topic/2636/stairs,url
/topic/2612/how-do-i-actually-pull-the-cart-along,url
/topic/713/how-do-i-get-food,url
/topic/2638/cant-get-admin-stuff-to-work,url
/topic/2631/using-store-for-things-that-require-a-stockpile,url
/topic/2611/how-to-upgrade-from-5-6-to-5-6-1,url
/topic/2624/error-when-starting-server-5-6-1,url
/topic/2630/improvements-in-5-6-1-over-5-6,url
/topic/2597/alpha-5-6-0-crash-on-start,url
/topic/1988/5-5-client-memory-issue,url
/topic/2580/food-calculator-for-5-6-with-crop-cliffnotes-and-newb-friendly-sorting-of-recipes,url
/topic/2533/my-notes-from-migrating-from-0-5-5-3-to-5-6,url
/topic/2614/what-is-compost-pile-used-for,url
/topic/2607/do-you-receive-a-steam-copy-of-the-game-upon-full-release,url
/topic/675/stairs-not-placing-correctly,url
/topic/2535/how-to-turn-birch-tree-seeds-back-on-in-5-6,url
/topic/2603/nutrientnitrogen-hole-what-does-it-mean-and-why,url
/topic/2602/how-to-save-before-closing-down-server,url
/topic/2565/invert-y-setting,url
/topic/2585/linked-inventory-range,url
/topic/2499/add-a-server,url
/topic/1707/enable-vsync,url
/topic/2583/contracts-and-how-they-work,url
/topic/2582/attempted-to-place-steel-on-ground-caused-corrupted-chunk,url
/topic/2570/play-on-mac,url
/topic/2545/law-system-not-working-in-5-6-release,url
/topic/2531/running-an-eco-server-on-a-nas,url
/topic/2524/new-world-5-6-alpha-can-t-pick-up-huckleberries,url
/topic/2490/5-6-no-skill-point-gain,url
/topic/2474/sent-key-to-wrong-person,url
/topic/2475/support-ticket,url
/topic/2473/my-computer-lab-isn-t-working,url
/topic/2454/demo,url
/topic/2453/just-bought-game-and-having-problems,url
/topic/2248/server-admin-help,url
/topic/2314/cart-trouble,url
/topic/2445/my-own-doors-are-locked,url
/topic/2444/animals-not-spawing-on-my-server,url
/topic/2441/direct-transfer-function,url
/topic/2426/way-to-shut-down-your-server-the-proper-way,url
/topic/2429/how-to-increase-the-overall-skillpoints-per-day-outcome,url
/topic/2420/login-problem-invalid-login-token,url
/topic/2403/stupid-question-but-whats-the-hotkey-to-mute-music,url
/topic/2413/purchasing-terms,url
/topic/2383/logs,url
/topic/2380/purchased-but-no-key,url
/topic/2370/purchasing,url
/topic/2373/how-to-download-game,url
/topic/2364/pollution-meter,url
/topic/2351/remove-players-from-the-server,url
/topic/2348/unable-to-find-server,url
/topic/2343/aqueduct,url
/topic/2347/are-belts-currently-wearable,url
/topic/2350/rainfall,url
/topic/2341/how-to-erase-propertyclaims-from-the-one-timers,url
/topic/2340/cement-kiln-problems,url
/topic/2337/any-hints-for-values-of-ressource,url
/topic/2304/server-crashing,url
/topic/2327/reset-room-calculation,url
/topic/2320/just-dirt,url
/topic/2321/government-and-graphs,url
/topic/2312/how-to-use-backpacks,url
/topic/2309/how-do-i-logout-of-the-client,url
/topic/2306/how-to-increase-in-the-ecosim-eco-the-plants-population,url
/topic/2242/lag-when-cutting-down-trees-building,url
/topic/2302/how-to-reduce-via-ecosim-eco-the-animal-population,url
/topic/2296/admin-commands,url
/topic/2297/how-to-reduce-the-plant-corruption,url
/topic/2294/change-the-name,url
/topic/2285/can-t-connect-to-specific-server,url
/topic/2282/server-elections-laws-etc,url
/topic/2277/server-s-unclickable,url
/topic/2272/can-t-get-server-online-and-now-it-is-failing-to-start,url
/topic/2268/linux-server-error-please-help,url
/topic/2260/eco-server-list-and-multiple-servers,url
/topic/2263/higher-tree-growth-rate-but-how,url
/topic/2253/having-trouble-setting-up-server-for-single-player,url
/topic/2249/change-account-email-and-name,url
/topic/2247/is-there-any-way-to-disable-v-sync,url
/topic/2231/purchased-2-pack-second-account-will-not-log-in,url
/topic/2232/admin-commands,url
/topic/2208/help-i-can-t-log-in,url
/topic/2234/laser,url
/topic/2222/changing-server-seed,url
/topic/2203/disable-lan-port-scanning,url
/topic/2165/download-link-for-game-files-never-appeared,url
/topic/2187/vanishing-carts,url
/topic/2171/admin-s-need-kick-ban-commands,url
/topic/2192/moving-local-eco-servers,url
/topic/2031/completely-new-to-linux-need-help,url
/topic/2185/pollution-meter,url
/topic/2179/iron-ore-below-ground-where-there-is-any,url
/topic/2186/powering-the-pumpjack,url
/topic/2184/incompatible-version-issue,url
/topic/2172/kitchen-with-too-many-craft-tables,url
/topic/2023/server-host-issue-aborted-add-operation-at-growing-octree-please-help,url
/topic/2093/connection-failed-invalid-login-token,url
/topic/2110/can-user-name-in-game-be-edited,url
/topic/2131/currency,url
/topic/2120/how-to-migrate-5-5-world-to-5-5-3-server,url
/topic/2122/skills-table,url
/topic/2064/what-am-i-doing-wrong-with-farming,url
/topic/2105/incompatible-game-5-5-3,url
/topic/1945/purchased-but-wasn-t-logged-in,url
/topic/2100/camas-very-low-server-33,url
/topic/2070/i-cannot-change-the-name-of-the-cart,url
/topic/2077/ecoserver-exe-crashes-immediately,url
/topic/2085/stuck-connecting-to-ecoverse-by-pingperfect-com,url
/topic/2079/material-density-filtration-rating,url
/topic/1862/ecoverse-by-pingperfect-com,url
/topic/2068/bugged-trees,url
/topic/2000/help-got-a-dissease,url
/topic/2051/is-it-possible-we-re-seeing-another-servers-government-window,url
/topic/2034/animal-populations-static,url
/topic/2010/predicting-tree-fall,url
/topic/2003/game-keeps-making-my-pc-crash-any-help,url
/topic/2027/need-some-help,url
/topic/2019/stuck-connecting,url
/topic/1939/non-compatible-servers,url
/topic/2004/server-initialization-error,url
/topic/1992/5-5-server-fresh-crashing-on-loading-world,url
/topic/1974/trying-to-start-on-ubuntu,url
/topic/1971/can-i-get-a-refund,url
/topic/1972/where-are-these-skills,url
/topic/1951/playing-on-a-private-made-server,url
/topic/1960/loading-objects-admin-contact,url
/topic/1944/population-suddenly-0,url
/topic/1940/servers-that-are-5-4-are-incompatible-for-the-5-4-client,url
/topic/1942/need-help,url
/topic/1941/server-appears-to-be-public-but-appears-offline,url
/topic/1933/the-person-who-invited-you-has-refunded-their-account-your-invite-is-now-invalid,url
/topic/1563/100-object-loading-bug-workaround,url
/topic/1932/cant-login-to-the-game,url
/topic/1934/how-to-get-the-camas-bulbs,url
/topic/1936/how-to-fix-the-server-configuration-problem-not-find-camas-bulbs,url
/topic/1925/alpha-5-5-staging-server-link-broken,url
/topic/1661/unexpected-character-encountered,url
/topic/1923/kicked-during-game-token-changed,url
/topic/1922/unexpected-character-encounter,url
/topic/1914/5-5-game-version-tooltips-anyway-to-turn-them-on-and-off,url
/topic/1905/server-crash-dump-log-5-4-hotfix,url
/topic/1689/server-hotfix-5-4-missing-chunk-issue,url
/topic/1906/how-do-u-add-color-to-the-text-of-your-server-name,url
/topic/1903/net-framework-error-every-time-animals-around-help,url
/topic/1901/5-5-version-server-welcome-messages,url
/topic/1895/eco-server-crashing-on-startup-all-versions-stable-and-staging,url
/topic/1897/windmill,url
/topic/1846/making-a-public-server,url
/topic/1889/cant-find-download-launcher,url
/topic/1891/no-download-link,url
/topic/95/read-this-if-you-have-account-issues,url
/topic/1865/5-5-hammer-how-do-you-get-it,url
/topic/1837/own-server-the-thing-with-the-townhall,url
/topic/1835/server-stops-working-after-a-few-moments,url
/topic/1773/server-crashing-on-start-up-and-every-10-15-min-of-game-play,url
/topic/1811/server-not-visible-in-the-client,url
/topic/1805/server-crashed-and-will-no-longer-boot,url
/topic/1809/windows-server-2008,url
/topic/1782/client-ports,url
/topic/1695/trouble-running-public-game,url
/topic/1760/can-i-play-on-my-mac,url
/topic/1631/server-disappeared,url
/topic/1772/molecular-gastronomy,url
/topic/1774/need-help-with-editing-some-values-in-the-config-files,url
/topic/1766/server-hard-crashing-forcing-game-eco-restart,url
/topic/1763/trouble-with-simultaneously-installed-graphics-cards,url
/topic/1737/server-crash-5-4-related-to-cart,url
/topic/1735/removing-player-deeds,url
/topic/1525/app-can-t-run-on-my-pc,url
/topic/1701/change-the-name-of-the-server,url
/topic/1687/my-server-says-lan-and-keeps-saying-it-s-day-1-but-in-game-says-it-s-day-18,url
/topic/1694/generator-not-working-5-4,url
/topic/1688/invalid-login-token,url
/topic/1691/missing-chat,url
/topic/1646/help-skill-points,url
/topic/1651/computer-laptop-preferences,url
/topic/1673/problems-making-server,url
/topic/1650/trouble-with-creating-server,url
/topic/1654/cant-join-my-own-server,url
/topic/1511/im-trying-to-join-a-server-but-i-always-get-the-message-connection-failed-inactivity-can-someone-help-me-pls,url
/topic/1610/cannot-connect,url
/topic/1640/cant-look-around,url
/topic/1647/attempted-to-place-steel-on-ground-caused-corrupted-chunk,url
/topic/1628/demo-try-out-version-for-eco,url
/topic/1625/chat-not-working-correctly,url
/topic/1626/how-to-power-the-cooking-mill,url
/topic/1527/stuck-on-connecting-screen-official-eu-server,url
/topic/1604/invite-codes,url
/topic/1572/failed-to-log-in-nameresolutionfailure,url
/topic/1548/how-do-i-delete-stuff,url
/topic/1571/abandoned-claims,url
/topic/1508/5-4-staging-version-issue-user-s-client-screen-went-black-and-disconnected-them-from-the-server-on-reconnect-it-hangs-at-loading-objects,url
/topic/1567/having-trouble-making-mods-work,url
/topic/1566/cant-add-another-admin,url
/topic/1555/question-about-access-invitations,url
/topic/1550/how-to-change-key-binding,url
/topic/1534/game-running-so-slow-it-is-unplayable,url
/topic/1497/increasw-skill-point-rate,url
/topic/1542/server-crashing-and-resetting,url
/topic/1535/i-cant-log-on-to-a-server-i-have-been-playing-on,url
/topic/1531/editing-the-welcome-message,url
/topic/1459/player-spawn-edit,url
/topic/1518/stuck-on-connecting-screen-please-help,url
/topic/1516/price-on-steam,url
/topic/1474/refund,url
/topic/1498/how-do-i-download-version-5-3,url
/topic/1477/need-help-game-running-like-sh,url
/topic/1473/invalid-login,url
/topic/1465/multimonitor-setup,url
/topic/1462/cant-connect-to-sever,url
/topic/1464/server-maxslots,url
/topic/1460/pickup-stairs,url
/topic/1445/to-the-creators-of-this-marvelous-looking-game,url
/topic/1448/proper-unzip-and-install,url
/topic/1447/html-link-in-chat,url
/topic/1443/mistype-the-invite-mail,url
/topic/1439/lost-my-workbench-help,url
/topic/1428/mouse-speed-sensitivity,url
/topic/1187/crafting-issues-work-orders-never-complete-for-arrows-anyway,url
/topic/1407/invalid-username-or-password,url
/topic/1401/max-cart-load-and-road-types,url
/topic/1397/i-cant-sign-into-my-account-and-i-ve-done-eveything-i-need-to-please-help,url
/topic/1385/help-i-can-t-find-my-house,url
/topic/1207/tool-smithing,url
/topic/1384/workbench-problems-need-serious-help,url
/topic/1367/cant-give-my-self-admin,url
/topic/1373/remove-laws,url
/topic/1375/my-arms-are-full-and-i-cannot-learn,url
/topic/1368/connect-to-server-then-nothing,url
/topic/1362/cant-get-server-to-show-online,url
/topic/1361/mac-game-renders-black-on-machine-that-meets-and-exceeds-system-reqs,url
/topic/1356/skill-scrolls,url
/topic/1349/resolved-not-able-to-craft-wood-stuff-on-workbench,url
/topic/1351/unable-to-pick-up-things-like-wood-window-tailoring-table-etc-after-placed,url
/topic/1319/server-issue,url
/topic/1336/spawning-animals,url
/topic/1341/server-keeps-crashing-since-alpha-5-3-fresh-wipe,url
/topic/1212/trying-to-not-lose-my-sh-and-actually-begin-enjoying-myself-on-this-game,url
/topic/1325/walking-through-objects,url
/topic/1320/server-throwing-unsearchable-error,url
/topic/1300/chat-log-questions,url
/topic/1293/wrong-game-in-download-link,url
/topic/1290/admin-help-commands-for-removing-land-markers,url
/topic/1291/admin-dump-command,url
/topic/1285/issue-connecting-to-personal-server-after-5-3-update,url
/topic/1269/harvesting-huckleberries,url
/topic/1268/memory-leaking,url
/topic/1244/huckleberries-not-harvestable,url
/topic/1277/day-2-majority-of-species-dead,url
/topic/1271/candles,url
/topic/1261/possible-to-remove-players-from-the-servers-players-list,url
/topic/1202/deed-item-deleting,url
/topic/1248/question-about-classroom-special,url
/topic/1257/how-do-i-run-this-on-linux,url
/topic/1247/can-you-also-play-in-singleplayer,url
/topic/1216/world-seed-generation,url
/topic/1209/updating-server-0-5-0-to-0-5-1,url
/topic/1206/minimap-stopped-working,url
/topic/1204/research-efficiency-only-for-skill-books,url
/topic/1201/problem-list,url
/topic/1198/road-tamper,url
/topic/1189/ping-perfect-server-version-issue,url
/topic/1188/invalid-login-token,url
/topic/1192/no-farming-skill,url
/topic/1176/cannot-do-anything-but-wander-around,url
/topic/1185/how-do-i-eat-if-i-have-no-energy-to-work,url
/topic/1184/can-t-connect-to-some-servers,url
/topic/1182/can-t-find-bloomery-on-my-quarry,url
/topic/1181/11-years-on-the-crowfall-gold-market,url
/topic/1170/mistake-when-typing-my-username,url
/topic/1168/workbench-on-0-5,url
/topic/1157/help-with-farming,url
/topic/1155/civil-engineering,url
/topic/1149/minimap-not-loading-other-problem,url
/topic/1148/tweaking-server-options,url
/topic/1145/admin-commands,url
/topic/1144/invalid-login-or-password,url
/topic/1140/animal-population-dropped-in-less-than-a-day-didn-t-even-kill-1,url
/topic/1130/no-carpentry-woodworking-skills,url
/topic/1132/campfire-creations-alpha-5,url
/topic/1127/mono-and-eco-server-issue,url
/topic/1126/ecoserver-exe-disappears,url
/topic/1115/wheat,url
/topic/1093/edit-meteor-impact-timer-after-server-is-started,url
/topic/1107/huge-error,url
/topic/1097/can-i-delete-claims-from-inactive-users,url
/topic/1078/5-3-version-alpha-server-how-to-reset-clients-with-out-resting-world,url
/topic/1073/alpha-5-pre-release-4-where-to-download,url
/topic/1087/controlling-weather,url
/topic/1080/bakery-oven-crashes-server,url
/topic/1077/noob-question-about-wood-carts,url
/topic/1075/4-3-deed-markers-went-missing-want-use-give-command-to-give-them-back-to-players,url
/topic/1072/quite-upset,url
/topic/1055/server-showing-as-offline,url
/topic/1069/inventory-to-heavy,url
/topic/1066/wood-fence-4-2,url
/topic/1018/please-help-with-game-login,url
/topic/897/animal-population-is-dying,url
/topic/1016/cannot-login,url
/topic/1002/taming-a-wolf,url
/topic/997/changing-my-user-name,url
/topic/994/need-help-with-server-please,url
/topic/993/mining-issues,url
/topic/961/how-to-set-up-a-private-server-using-hamachi-by-logmein,url
/topic/948/i-can-t-see-any-advance-skills-in-my-skilltab-even-after-reading-the-books-anyone-else-got-this-issue,url
/topic/971/fov,url
/topic/966/world-won-t-save-even-with-backups-made,url
/topic/960/stair-placement,url
/topic/965/how-to-download-game,url
/topic/963/trying-to-get-my-server-working,url
/topic/962/how-to-set-admin,url
/topic/956/how-to-host-a-server,url
/topic/955/unless-the-cart-issue-gets-fixed-the-next-patch-i-am-done,url
/topic/953/can-t-remove-stone-from-storage,url
/topic/945/too-heavy-to-pickup,url
/topic/759/server-won-t-let-me-join,url
/topic/937/help-need-pax-codes,url
/topic/907/windows-server-cannot-connect-from-wan,url
/topic/929/stuck-on-logging-in,url
/topic/920/help-yeast,url
/topic/924/help-cement,url
/topic/921/baking-bakery-oven-mill,url
/topic/744/server-map-restart,url
/topic/902/help-tree-farming,url
/topic/890/i-just-can-t-get-the-server-online,url
/topic/893/models-despawning,url
/topic/882/fuel-problem,url
/topic/877/server-crashing-every-15-minutes,url
/topic/874/free,url
/topic/873/playing-with-friends-is-there-a-group-system,url
/topic/871/how-do-i-play-this-on-linux-solved,url
/topic/870/trying-to-run-a-linux-server,url
/topic/864/fibreglass,url
/topic/851/changing-nicknime,url
/topic/840/how-do-i-put-my-server-on-the-internet-and-a-couple-questions,url
/topic/649/how-to-craft-a-wooden-cart,url
/topic/829/learning-the-cooking-skill,url
/topic/838/server-hardware,url
/topic/832/smelting-skill-book,url
/topic/823/factory,url
/topic/805/glitchy-part-of-map-teleporting-cart-video,url
/topic/828/upgrading-access-level,url
/topic/820/my-server-is-gone,url
/topic/814/antivirus-doesn-t-trust-a-game-file,url
/topic/816/how-to-improve-fps,url
/topic/787/can-t-carry-stone,url
/topic/706/copper-wiring-and-epoxy,url
/topic/796/is-it-possible-to-split-stacks-of-items,url
/topic/795/trustfailure-error,url
/topic/791/carry-sand-in-4-2,url
/topic/776/thank-you-slg,url
/topic/697/server-hosting-problems-windows-server2012-r2,url
/topic/757/corrupted-player-data,url
/topic/670/some-very-n00b-questions,url
/topic/751/how-to-move-wood-from-one-bench-to-another-bench,url
/topic/747/how-do-i-find-a-server-with-wheat,url
/topic/740/no-corrosion-in-my-server,url
/topic/743/can-t-play,url
/topic/738/roadbuilding-tutorial,url
/topic/739/is-it-possible-to-remove-ramps,url
/topic/737/stuck-in-door,url
/topic/734/where-do-i-find-wheat,url
/topic/735/how-do-i-get-multiple-dirt-blocks-in-my-inventory,url
/topic/725/how-do-i-mine-stone,url
/topic/727/xbox-controller,url
/topic/686/stuck-on-basic-level-1-research,url
/topic/679/world-chunks-suddenly-appearing,url
/topic/685/skill-per-day-cap,url
/topic/680/pitch-ok-i-feel-dumb,url
/topic/672/command-to-clear-corpses,url
/topic/665/admin-commands,url
/topic/634/how-do-i-fuel-my-campfire,url
/topic/639/starting-out-help,url
/topic/645/can-t-download-the-new-server-software,url
/topic/638/how-do-i-get-rid-of-plots-from-my-deed,url
/topic/643/property-claim-question,url
/topic/641/how-to-make-lumber,url
/topic/642/can-t-collect-wood-logs,url
/topic/640/profile-reputation,url
/topic/635/no-axe,url
/topic/563/populated-servers-seeking-refund-if-game-is-barren,url
/topic/617/public-listing-authentication-server-issues,url
/topic/624/i-can-t-vote-law-website-won-t-connect,url
/topic/615/server-question-portforwarding,url
/topic/621/new-player-getting-started-tutorial,url
/topic/619/servers-offline,url
/topic/588/server-problems,url
/topic/616/connection-failed-incompatible-version,url
/topic/614/can-t-login-on-the-site,url
/topic/610/alpha-build-4-download,url
/topic/584/running-server-on-linux,url
/topic/596/specs-for-running-server,url
/topic/512/ui-mode,url
/topic/504/give-command,url
/topic/589/cant-get-server-to-start,url
/topic/576/world-generator,url
/topic/553/did-this-game-die,url
/topic/573/in-need-of-a-little-install-help,url
/topic/572/new-player,url
/topic/571/plants-not-growing,url
/topic/567/4k-screen-gui-issues,url
/topic/566/how-do-i-play,url
/topic/565/my-server-wont-start-help,url
/topic/562/can-t-register-to-buy-game,url
/topic/560/problems-with-a-windows-2012-r2-server,url
/topic/554/singleplayer,url
/topic/551/need-quick-install-help,url
/topic/546/issue-with-graphics-they-don-t-generate,url
/topic/529/archery-not-working,url
/topic/538/wheat-seeds,url
/topic/527/can-t-seem-to-complete-houses,url
/topic/513/how-to-clean-inventory,url
/topic/517/local-hosting-a-server,url
/topic/516/game-issue-questions,url
/topic/503/can-t-find-1-server-to-play-on,url
/topic/506/farming-skill,url
/topic/505/delete-trade-offer,url
/topic/502/need-help-to-set-up-a-server,url
/topic/500/proposing-laws,url
/topic/490/unable-to-move,url
/topic/489/starting-a-private-server,url
/topic/486/xbox-one-controller-does-not-work,url
/topic/443/cant-setup-server-get-tis-error-anny-help,url
/topic/439/mac-alpha-0-2-showing-as-alpha,url
/topic/444/how-to-change-the-number-of-logs-a-tree-drops,url
/topic/345/eco-server-on-lunix,url
/topic/422/character-stuck,url
/topic/417/editing-server-files,url
/topic/408/not-able-to-eat-huckleberries,url
/topic/404/lan-games,url
/topic/402/resolution-select-change,url
/topic/395/townhall-rooms-not-showing-up,url
/topic/394/server-client-crashes-on-start,url
/topic/277/what-are-the-in-game-admin-commands,url
/topic/383/mac-dark-graphics,url
/topic/229/client-runs-on-bad-gpu,url
/topic/143/anyone-found-gold-yet,url
/topic/363/server-startup-for-the-first-time,url
/topic/358/wip-first-time-guide,url
/topic/357/what-is-the-client-hotkey-for-talk-chat,url
/topic/225/body-mass,url
/topic/333/effects-of-logging-mining,url
/topic/214/drop-items,url
/topic/161/single-player,url
/topic/162/forestry,url
/topic/319/alpha-access-and-upgrading,url
/topic/311/additional-server-documentation,url
/topic/313/pollution,url
/topic/299/increasing-skills-seems-to-have-no-effect,url
/topic/302/invert-mouse,url
/topic/284/sheet-metal,url
/topic/290/unlocking-smelting-and-such,url
/topic/270/how-do-i-create-2-rooms,url
/topic/276/game-server-hosting,url
/topic/260/question-constructedwoodblocks,url
/topic/240/accidentally-rendered-building-useless,url
/topic/244/some-questions-about-the-game,url
/topic/241/looking-for-a-server,url
/topic/221/how-to-harvest-food,url
/topic/226/engine-factory-is-empty,url
/topic/220/trees-underwater,url
/topic/215/animals-dying-on-chunk-load,url
/topic/123/eco-server-web-server-alpha,url
/topic/219/engine-factory,url
/topic/153/question-about-farming,url
/topic/207/cant-login,url
/topic/201/friends-ip,url
/topic/113/feedback-around-purchasing-game,url
/topic/90/will-there-be-single-player-with-the-release,url
/topic/126/issues-with-building,url
/topic/178/dirtblocks,url
/topic/115/access-to-the-game-without-an-account-with-alpha-access,url
/topic/135/moose-in-a-house,url
/topic/146/law-proposed-automatically-in-effect,url
/topic/99/when-and-where-an-i-buy-a-copy,url
/topic/149/solved-cant-remove-doors,url
/topic/145/building-help,url
/topic/133/client-issue,url
/topic/128/eco-server-creation,url
/topic/89/unable-to-access-game-art-pack-and-other-misc-kickstarter-issues,url
/topic/92/digital-multipack-invite-issue,url
/topic/114/where-to-actually-download,url
/topic/93/payed-60-but-no-codes-yet,url
/topic/94/dev-forums-natural-disasters-specifically-earthquakes,url
/topic/91/can-i-host-a-unix-server-aws-ubuntu,url
/topic/79/faq-and-q-a,url
/topic/76/can-t-use-dev-forums,url
/topic/56/server-and-client-setup-wiki-missing-from-github,url
